feature,importance
唯一比对的读段数,3.5983934108479373e-07
原始读段数,2.762216418943946e-07
年龄,1.0774365231004993e-10
X染色体的Z值,5.993939201598201e-11
21号染色体的Z值,4.717468279526928e-11
13号染色体的Z值,4.3268238632465024e-11
孕妇BMI,1.28305426941363e-11
18号染色体的Z值,3.905792465374219e-12
13号染色体的GC含量,2.3245366629084154e-12
18号染色体的GC含量,2.2549339612115457e-12
21号染色体的GC含量,2.1375635583824565e-12
GC含量,1.859179222956298e-12
被过滤掉读段数的比例,1.169070475546005e-12
