模型,交叉验证AUC,测试集AUC,特征数量
逻辑回归,0.7950951374207188,0.6481481481481481,13
随机森林,0.7298942917547568,0.4971509971509972,13
XGBoost,0.72591927105816,0.4544159544159545,13
