模型,交叉验证AUC均值,交叉验证AUC标准差,测试集AUC
逻辑回归,0.7950951374207188,0.06770167402104076,0.6481481481481481
随机森林,0.7298942917547568,0.029523493485282257,0.4971509971509972
