模型,测试集AUC,特征数量
优化逻辑回归,0.5448717948717948,7
优化随机森林,0.5811965811965812,7
