{
  "optimal_times_by_bmi": {
    "超重": 11.0,
    "肥胖II级": 11.0,
    "肥胖I级": 11.5,
    "肥胖III级": 11.5
  },
  "regression_coefficients": {
    "孕妇BMI": 0.018946764418729483,
    "身高": 0.014870328378899428,
    "体重": -0.031321007517161555,
    "年龄": -0.0030257161527667106,
    "孕周": 0.005079159558797268
  },
  "pca_variance_explained": [
    0.42344029063744276,
    0.2115718806490508,
    0.19429327059749235,
    0.17039839086634684,
    0.000296167249667287
  ],
  "sensitivity_analysis": {
    "feature": {
      "0": "孕妇BMI",
      "1": "身高",
      "2": "体重",
      "3": "年龄",
      "4": "孕周"
    },
    "original_coef": {
      "0": 0.018946764418729483,
      "1": 0.014870328378899428,
      "2": -0.031321007517161555,
      "3": -0.0030257161527667106,
      "4": 0.005079159558797268
    },
    "error_coef": {
      "0": 0.016048649145556433,
      "1": 0.012573153558655254,
      "2": -0.02736061840502113,
      "3": -0.0032450227808189596,
      "4": 0.005089172130111102
    },
    "absolute_change": {
      "0": 0.00289811527317305,
      "1": 0.0022971748202441737,
      "2": 0.003960389112140424,
      "3": 0.00021930662805224894,
      "4": 1.001257131383413e-05
    },
    "relative_change": {
      "0": 0.15296095993615513,
      "1": 0.15448043659236196,
      "2": 0.12644513781909564,
      "3": 0.07248089939028658,
      "4": 0.001971304740071029
    }
  },
  "target_concentration": 0.04
}