{
  "optimal_times_by_bmi": {
    "超重": 11.0,
    "肥胖I级": 11.0,
    "肥胖II级": 11.5,
    "肥胖III级": 11.5
  },
  "regression_coefficients": {
    "孕妇BMI": 0.018946764418729493,
    "身高": 0.014870328378899449,
    "体重": -0.03132100751716159,
    "年龄": -0.0030257161527667133,
    "孕周": 0.0050791595587972626
  },
  "pca_variance_explained": [
    0.4234402906374427,
    0.21157188064905078,
    0.19429327059749227,
    0.1703983908663468,
    0.0002961672496673036
  ],
  "sensitivity_analysis": {
    "feature": {
      "0": "孕妇BMI",
      "1": "身高",
      "2": "体重",
      "3": "年龄",
      "4": "孕周"
    },
    "original_coef": {
      "0": 0.018946764418729493,
      "1": 0.014870328378899449,
      "2": -0.03132100751716159,
      "3": -0.0030257161527667133,
      "4": 0.0050791595587972626
    },
    "error_coef": {
      "0": 0.016048649145556374,
      "1": 0.01257315355865523,
      "2": -0.027360618405021082,
      "3": -0.0032450227808189574,
      "4": 0.005089172130111101
    },
    "absolute_change": {
      "0": 0.0028981152731731193,
      "1": 0.002297174820244219,
      "2": 0.003960389112140507,
      "3": 0.00021930662805224417,
      "4": 1.0012571313838467e-05
    },
    "relative_change": {
      "0": 0.1529609599361587,
      "1": 0.15448043659236477,
      "2": 0.12644513781909816,
      "3": 0.07248089939028494,
      "4": 0.001971304740071885
    }
  },
  "target_concentration": 0.04
}